media/audio/techniques/ashi-garami.opus	kana:あしがらみ
media/audio/techniques/ashi-gatame.opus	kana:あしがため
media/audio/techniques/ashi-guruma.opus	kana:あしぐるま
media/audio/techniques/daki-wakare.opus	kana:だきわかれ
media/audio/techniques/de-ashi-harai.opus	kana:であしはらい
media/audio/techniques/do-jime.opus	kana:どうじめ
media/audio/techniques/gyaku-juji-jime.opus	kana:ぎゃくじゅうじじめ
media/audio/techniques/hadaka-jime.opus	kana:はだかじめ
media/audio/techniques/hane-goshi-gaeshi.opus	kana:はねごしがえし
media/audio/techniques/hane-goshi.opus	kana:はねごし
media/audio/techniques/hane-makikomi.opus	kana:はねまきこみ
media/audio/techniques/hara-gatame.opus	kana:はらがため
media/audio/techniques/harai-goshi-gaeshi.opus	kana:はらいごしがえし
media/audio/techniques/harai-goshi.opus	kana:はらいごし
media/audio/techniques/harai-makikomi.opus	kana:はらいまきこみ
media/audio/techniques/harai-tsurikomi-ashi.opus	kana:はらいつりこみあし
media/audio/techniques/hikikomi-gaeshi.opus	kana:ひきこみがえし
media/audio/techniques/hiza-gatame.opus	kana:ひざがため
media/audio/techniques/hiza-guruma.opus	kana:ひざぐるま
media/audio/techniques/ippon-seoi-nage.opus	kana:いっぽんせおいなげ
media/audio/techniques/juji-gatame.opus	kana:じゅうじがため
media/audio/techniques/kami-shiho-gatame.opus	kana:かみしほうがため
media/audio/techniques/kani-basami.opus	kana:かにばさみ
media/audio/techniques/kata-gatame.opus	kana:かたがため
media/audio/techniques/kata-guruma.opus	kana:かたぐるま
media/audio/techniques/kata-ha-jime.opus	kana:かたはじめ
media/audio/techniques/kata-juji-jime.opus	kana:かたじゅうじじめ
media/audio/techniques/kata-te-jime.opus	kana:かたてじめ
media/audio/techniques/kawazu-gake.opus	kana:かわづがけ
media/audio/techniques/kesa-gatame.opus	kana:けさがため
media/audio/techniques/kibisu-gaeshi.opus	kana:きびすがえし
media/audio/techniques/ko-soto-gake.opus	kana:こそとがけ
media/audio/techniques/ko-soto-gari.opus	kana:こそとがり
media/audio/techniques/ko-uchi-gaeshi.opus	ssml-break:こ|うちがえし
media/audio/techniques/ko-uchi-gake.opus	ssml-break:こ|うちがけ
media/audio/techniques/ko-uchi-gari.opus	ssml-break:こ|うちがり
media/audio/techniques/ko-uchi-makikomi.opus	ssml-break:こ|うちまきこみ
media/audio/techniques/koshi-guruma.opus	kana:こしぐるま
media/audio/techniques/koshi-jime.opus	kana:こしじめ
media/audio/techniques/kuchiki-taoshi.opus	kana:くちきたおし
media/audio/techniques/kuzure-kami-shiho-gatame.opus	kana:くずれかみしほうがため
media/audio/techniques/kuzure-kesa-gatame.opus	kana:くずれけさがため
media/audio/techniques/kuzure-tate-shiho-gatame.opus	kana:くずれたてしほうがため
media/audio/techniques/kuzure-yoko-shiho-gatame.opus	kana:くずれよこしほうがため
media/audio/techniques/makura-kesa-gatame.opus	kana:まくらけさがため
media/audio/techniques/morote-gari.opus	kana:もろてがり
media/audio/techniques/mune-gatame.opus	kana:むねがため
media/audio/techniques/nami-juji-jime.opus	kana:なみじゅうじじめ
media/audio/techniques/nidan-ko-soto-gari.opus	kana:にだんこそとがり
media/audio/techniques/o-goshi.opus	kana:おおごし
media/audio/techniques/o-guruma.opus	kana:おおぐるま
media/audio/techniques/o-soto-gaeshi.opus	kana:おおそとがえし
media/audio/techniques/o-soto-gake.opus	kana:おおそとがけ
media/audio/techniques/o-soto-gari.opus	kana:おおそとがり
media/audio/techniques/o-soto-guruma.opus	kana:おおそとぐるま
media/audio/techniques/o-soto-makikomi.opus	kana:おおそとまきこみ
media/audio/techniques/o-soto-otoshi.opus	ssml-break:お|おそとおとし
media/audio/techniques/o-uchi-gaeshi.opus	ssml-break:お|おうちがえし
media/audio/techniques/o-uchi-gake.opus	ssml-break:お|おうちがけ
media/audio/techniques/o-uchi-gari.opus	ssml-break:お|おうちがり
media/audio/techniques/obi-otoshi.opus	kana:おびおとし
media/audio/techniques/obi-tori-gaeshi.opus	kana:おびとりがえし
media/audio/techniques/okuri-ashi-harai.opus	kana:おくりあしはらい
media/audio/techniques/okuri-eri-jime.opus	kana:おくりえりじめ
media/audio/techniques/ryote-jime.opus	kana:りょうてじめ
media/audio/techniques/sankaku-gatame.opus	kana:さんかくがため
media/audio/techniques/sankaku-jime.opus	kana:さんかくじめ
media/audio/techniques/sasae-tsurikomi-ashi.opus	kana:ささえつりこみあし
media/audio/techniques/seoi-nage.opus	kana:せおいなげ
media/audio/techniques/seoi-otoshi.opus	kana:せおいおとし
media/audio/techniques/sode-guruma-jime.opus	kana:そでぐるまじめ
media/audio/techniques/sode-tsurikomi-goshi.opus	kana:そでつりこみごし
media/audio/techniques/soto-makikomi.opus	kana:そとまきこみ
media/audio/techniques/sukui-nage.opus	kana:すくいなげ
media/audio/techniques/sumi-gaeshi.opus	kana:すみがえし
media/audio/techniques/sumi-otoshi.opus	kana:すみおとし
media/audio/techniques/tai-otoshi.opus	kana:たいおとし
media/audio/techniques/tani-otoshi.opus	kana:たにおとし
media/audio/techniques/tate-shiho-gatame.opus	kana:たてしほうがため
media/audio/techniques/tawara-gaeshi.opus	kana:たわらがえし
media/audio/techniques/te-gatame.opus	kana:てがため
media/audio/techniques/tomoe-nage.opus	kana:ともえなげ
media/audio/techniques/tsubame-gaeshi.opus	kana:つばめがえし
media/audio/techniques/tsukkomi-jime.opus	kana:つっこみじめ
media/audio/techniques/tsuri-goshi.opus	kana:つりごし
media/audio/techniques/tsurikomi-goshi.opus	kana:つりこみごし
media/audio/techniques/uchi-makikomi.opus	kana:うちまきこみ
media/audio/techniques/uchi-mata-gaeshi.opus	kana:うちまたがえし
media/audio/techniques/uchi-mata-makikomi.opus	kana:うちまたまきこみ
media/audio/techniques/uchi-mata-sukashi.opus	kana:うちまたすかし
media/audio/techniques/uchi-mata.opus	kana:うちまた
media/audio/techniques/ude-garami.opus	kana:うでがらみ
media/audio/techniques/ude-gatame.opus	kana:うでがため
media/audio/techniques/uki-gatame.opus	kana:うきがため
media/audio/techniques/uki-goshi.opus	kana:うきごし
media/audio/techniques/uki-otoshi.opus	kana:うきおとし
media/audio/techniques/uki-waza.opus	kana:うきわざ
media/audio/techniques/ura-gatame.opus	kana:うらがため
media/audio/techniques/ura-nage.opus	kana:うらなげ
media/audio/techniques/ushiro-goshi.opus	kana:うしろごし
media/audio/techniques/ushiro-kesa-gatame.opus	kana:うしろけさがため
media/audio/techniques/utsuri-goshi.opus	kana:うつりごし
media/audio/techniques/waki-gatame.opus	kana:わきがため
media/audio/techniques/yama-arashi.opus	ssml-break:やま|あらし
media/audio/techniques/yoko-gake.opus	kana:よこがけ
media/audio/techniques/yoko-guruma.opus	kana:よこぐるま
media/audio/techniques/yoko-otoshi.opus	ssml-break:よこ|おとし
media/audio/techniques/yoko-shiho-gatame.opus	kana:よこしほうがため
media/audio/techniques/yoko-tomoe-nage.opus	kana:よこともえなげ
media/audio/techniques/yoko-wakare.opus	kana:よこわかれ
media/audio/glossary/arigato-gozaimashita.opus	kana:ありがとうございました
media/audio/glossary/ashi-waza.opus	kana:あしわざ
media/audio/glossary/dan.opus	kana:だん
media/audio/glossary/dojo.opus	kana:どうじょう
media/audio/glossary/gokyo.opus	kana:ごきょうのわざ
media/audio/glossary/golden-score.opus	kana:ゴールデンスコア
media/audio/glossary/hajime.opus	kana:はじめ
media/audio/glossary/hansoku-make.opus	kana:はんそくまけ
media/audio/glossary/hantei.opus	kana:はんてい
media/audio/glossary/hikiwake.opus	kana:ひきわけ
media/audio/glossary/ippon.opus	kana:いっぽん
media/audio/glossary/judogi.opus	kana:じゅうどうぎ
media/audio/glossary/judoka.opus	kana:じゅうどうか
media/audio/glossary/kaeshi-waza.opus	kana:かえしわざ
media/audio/glossary/kai.opus	kana:かい
media/audio/glossary/kake.opus	kana:かけ
media/audio/glossary/kansetsu-waza.opus	kana:かんせつわざ
media/audio/glossary/kata.opus	kana:かた
media/audio/glossary/katame-waza.opus	kana:かためわざ
media/audio/glossary/kohai.opus	kana:こうはい
media/audio/glossary/koshi-waza.opus	kana:こしわざ
media/audio/glossary/kumi-kata.opus	kana:くみかた
media/audio/glossary/kuzushi.opus	kana:くずし
media/audio/glossary/kyu.opus	kana:きゅう
media/audio/glossary/ma-sutemi-waza.opus	kana:ますてみわざ
media/audio/glossary/maitta.opus	kana:まいった
media/audio/glossary/matte.opus	kana:まて
media/audio/glossary/mon.opus	kana:もん
media/audio/glossary/mudansha.opus	kana:むだんしゃ
media/audio/glossary/nage-waza.opus	kana:なげわざ
media/audio/glossary/nagekomi.opus	kana:なげこみ
media/audio/glossary/name-ashi.opus	kana:あし
media/audio/glossary/name-eri.opus	kana:えり
media/audio/glossary/name-gaeshi.opus	kana:がえし
media/audio/glossary/name-gake.opus	kana:がけ
media/audio/glossary/name-garami.opus	kana:がらみ
media/audio/glossary/name-gari.opus	kana:かり
media/audio/glossary/name-gatame.opus	kana:がため
media/audio/glossary/name-goshi.opus	kana:ごし
media/audio/glossary/name-guruma.opus	kana:くるま
media/audio/glossary/name-harai.opus	kana:はらい
media/audio/glossary/name-hidari-migi.opus	kanji:右・左
media/audio/glossary/name-hiza.opus	kana:ひざ
media/audio/glossary/name-jime.opus	kana:じめ
media/audio/glossary/name-juji.opus	kana:じゅうじ
media/audio/glossary/name-kata.opus	kana:かた
media/audio/glossary/name-ko.opus	kana:こ
media/audio/glossary/name-kubi.opus	kana:くび
media/audio/glossary/name-kuzure.opus	kana:くずれ
media/audio/glossary/name-mae.opus	kana:まえ
media/audio/glossary/name-makikomi.opus	kana:まきこみ
media/audio/glossary/name-morote.opus	kana:もろて
media/audio/glossary/name-nage.opus	kana:なげ
media/audio/glossary/name-o.opus	kana:おお
media/audio/glossary/name-otoshi.opus	kana:おとし
media/audio/glossary/name-ryo.opus	kana:りょう
media/audio/glossary/name-sankaku.opus	kana:さんかく
media/audio/glossary/name-shiho.opus	kana:しほう
media/audio/glossary/name-sode.opus	kana:そで
media/audio/glossary/name-soto.opus	kana:そと
media/audio/glossary/name-te.opus	kana:て
media/audio/glossary/name-tsurikomi.opus	kana:つりこみ
media/audio/glossary/name-uchi.opus	kana:うち
media/audio/glossary/name-ude.opus	kana:うで
media/audio/glossary/name-ushiro.opus	kana:うしろ
media/audio/glossary/name-yoko.opus	kana:よこ
media/audio/glossary/newaza.opus	kana:ねわざ
media/audio/glossary/obi.opus	kana:おび
media/audio/glossary/onegaishimasu.opus	kana:おねがいします
media/audio/glossary/osaekomi-waza.opus	kana:おさえこみわざ
media/audio/glossary/osaekomi.opus	kana:おさえこみ
media/audio/glossary/randori.opus	kana:らんどり
media/audio/glossary/rei.opus	kana:れい
media/audio/glossary/renraku-waza.opus	kana:れんらくわざ
media/audio/glossary/renzoku-waza.opus	kana:れんぞくわざ
media/audio/glossary/ritsurei.opus	kana:りつれい
media/audio/glossary/seiza.opus	kana:せいざ
media/audio/glossary/sempai.opus	kana:せんぱい
media/audio/glossary/sensei.opus	kana:せんせい
media/audio/glossary/shiai.opus	kana:しあい
media/audio/glossary/shido.opus	kana:しどう
media/audio/glossary/shime-waza.opus	kana:しめわざ
media/audio/glossary/shimpan.opus	kana:しんぱん
media/audio/glossary/shinmeisho-no-waza.opus	kana:しんめいしょうのわざ
media/audio/glossary/shodan.opus	kana:しょだん
media/audio/glossary/sonomama.opus	kana:そのまま
media/audio/glossary/soremade.opus	kana:それまで
media/audio/glossary/sutemi-waza.opus	kana:すてみわざ
media/audio/glossary/tachi-waza.opus	kana:たちわざ
media/audio/glossary/tandoku-renshu.opus	kana:たんどくれんしゅう
media/audio/glossary/tatami.opus	kana:たたみ
media/audio/glossary/te-waza.opus	kana:てわざ
media/audio/glossary/toketa.opus	kana:とけた
media/audio/glossary/tori.opus	kana:とり
media/audio/glossary/tsukuri.opus	kana:つくり
media/audio/glossary/uchikomi.opus	kana:うちこみ
media/audio/glossary/uke.opus	kana:うけ
media/audio/glossary/ukemi.opus	kana:うけみ
media/audio/glossary/waza-ari-awasete-ippon.opus	ssml-break:わざ|ありあわせていっぽん
media/audio/glossary/waza-ari.opus	ssml-break:わざ|あり
media/audio/glossary/waza.opus	kana:わざ
media/audio/glossary/yoko-sutemi-waza.opus	kana:よこすてみわざ
media/audio/glossary/yoshi.opus	kana:よし
media/audio/glossary/yudansha.opus	kana:ゆうだんしゃ
media/audio/glossary/yuko.opus	kana:ゆうこう
media/audio/glossary/zarei.opus	kana:ざれい
media/audio/glossary/zori.opus	kana:ぞうり
media/audio/classification/atemi-waza.opus	kana:あてみわざ
media/audio/classification/ude-ate.opus	kana:うであて
media/audio/classification/ashi-ate.opus	kana:あしあて
media/audio/classification/dai-ikkyo.opus	ssml-break:だい|いっきょう
media/audio/classification/dai-nikyo.opus	kana:だいにきょう
media/audio/classification/dai-sankyo.opus	kana:だいさんきょう
media/audio/classification/dai-yonkyo.opus	kana:だいよんきょう
media/audio/classification/dai-gokyo.opus	kana:だいごきょう
media/audio/classification/ukemi.opus	kana:うけみ
media/audio/kata/itsutsu-no-kata.opus	kana:いつつのかた
media/audio/kata/ju-no-kata.opus	kana:じゅうのかた
media/audio/kata/kaeshi-kata.opus	kana:かえしかた
media/audio/kata/katame-no-kata.opus	kana:かためのかた
media/audio/kata/kime-no-kata.opus	kana:きめのかた
media/audio/kata/kodokan-goshin-jutsu.opus	kana:こうどうかんごしんじゅつ
media/audio/kata/kodomo-no-kata.opus	kana:こどものかた
media/audio/kata/koshiki-no-kata.opus	kana:こしきのかた
media/audio/kata/nage-no-kata.opus	kana:なげのかた
media/audio/kata/nage-waza-ura-no-kata.opus	kana:なげわざうらのかた
media/audio/kata/seiryoku-zenyo-kokumin-taiiku.opus	kana:せいりょくぜんようこくみんたいいく
media/audio/skills/mae-mawari-ukemi.opus	kana:まえまわりうけみ
media/audio/skills/mae-ukemi.opus	kana:まえうけみ
media/audio/skills/shintai.opus	kana:しんたい
media/audio/skills/shisei.opus	kana:しせい
media/audio/skills/tai-sabaki.opus	kana:たいさばき
media/audio/skills/ushiro-ukemi.opus	ssml-break:うし|ろうけみ
media/audio/skills/yoko-ukemi.opus	ssml-break:よこ|うけみ
